{
  "aor": 0.0024782644628099175,
  "aqi": 0.0028376449586776857,
  "bids_meta": {
    "dataset": "<unset>",
    "modality": "bold",
    "run_id": 11,
    "subject_id": "1",
    "task_id": "objectviewing"
  },
  "dummy_trs": 0,
  "dvars_nstd": 16.417880782083337,
  "dvars_std": 1.2559860944166665,
  "dvars_vstd": 1.0152483447499994,
  "efc": 0.4997,
  "fber": 714.2834,
  "fd_mean": 0.1510403445173752,
  "fd_num": 25,
  "fd_perc": 20.66115702479339,
  "fwhm_avg": 2.709744317460317,
  "fwhm_x": 2.8286142857142855,
  "fwhm_y": 2.9152533333333333,
  "fwhm_z": 2.385365333333333,
  "gcor": 0.0415273,
  "gsr_x": 0.01579206995666027,
  "gsr_y": 0.0021254252642393112,
  "provenance": {
    "md5sum": "f6d884d68f6bc72957262db7e39f2974",
    "settings": {
      "fd_thres": 0.2,
      "testing": false
    },
    "software": "mriqc",
    "version": "24.1.0.dev0+g3fe90466.d20240417"
  },
  "size_t": 121,
  "size_x": 40,
  "size_y": 64,
  "size_z": 64,
  "snr": 4.049518757857633,
  "spacing_tr": 2.5,
  "spacing_x": 3.5,
  "spacing_y": 3.75,
  "spacing_z": 3.75,
  "summary_bg_k": 7.557,
  "summary_bg_mad": 71.8756,
  "summary_bg_mean": 134.4858,
  "summary_bg_median": 64.0,
  "summary_bg_n": 138874.0,
  "summary_bg_p05": 0.0,
  "summary_bg_p95": 544.0,
  "summary_bg_stdv": 179.7266,
  "summary_fg_k": 1.4645,
  "summary_fg_mad": 307.6646,
  "summary_fg_mean": 1618.235,
  "summary_fg_median": 1701.0,
  "summary_fg_n": 24966.0,
  "summary_fg_p05": 693.0,
  "summary_fg_p95": 2157.0,
  "summary_fg_stdv": 420.0415,
  "tsnr": 103.61372209608089
}