{
  "aor": 0.0027105785123966936,
  "aqi": 0.0027634659504132226,
  "bids_meta": {
    "dataset": "<unset>",
    "modality": "bold",
    "run_id": 4,
    "subject_id": "1",
    "task_id": "objectviewing"
  },
  "dummy_trs": 0,
  "dvars_nstd": 12.150888538416666,
  "dvars_std": 1.1308916859999998,
  "dvars_vstd": 1.0130851935000005,
  "efc": 0.4936,
  "fber": 863.9445,
  "fd_mean": 0.11747374385199576,
  "fd_num": 11,
  "fd_perc": 9.090909090909092,
  "fwhm_avg": 2.6498953650793653,
  "fwhm_x": 2.8206914285714286,
  "fwhm_y": 2.7827466666666667,
  "fwhm_z": 2.346248,
  "gcor": 0.0259053,
  "gsr_x": 0.01701515167951584,
  "gsr_y": 0.001226226333528757,
  "provenance": {
    "md5sum": "393ae92a075f31f2dd267393bc5865ce",
    "settings": {
      "fd_thres": 0.2,
      "testing": false
    },
    "software": "mriqc",
    "version": "24.1.0.dev0+g3fe90466.d20240417"
  },
  "size_t": 121,
  "size_x": 40,
  "size_y": 64,
  "size_z": 64,
  "snr": 4.101226299392274,
  "spacing_tr": 2.5,
  "spacing_x": 3.5,
  "spacing_y": 3.75,
  "spacing_z": 3.75,
  "summary_bg_k": 8.754,
  "summary_bg_mad": 63.9234,
  "summary_bg_mean": 131.4587,
  "summary_bg_median": 58.0,
  "summary_bg_n": 138974.0,
  "summary_bg_p05": 0.0,
  "summary_bg_p95": 553.0,
  "summary_bg_stdv": 183.2934,
  "summary_fg_k": 1.7307,
  "summary_fg_mad": 302.2915,
  "summary_fg_mean": 1633.5137,
  "summary_fg_median": 1719.0,
  "summary_fg_n": 24866.0,
  "summary_fg_p05": 718.0,
  "summary_fg_p95": 2161.0,
  "summary_fg_stdv": 419.1345,
  "tsnr": 108.95890193711966
}