{
  "aor": 0.002103140495867769,
  "aqi": 0.003563135702479339,
  "bids_meta": {
    "dataset": "<unset>",
    "modality": "bold",
    "run_id": 7,
    "subject_id": "1",
    "task_id": "objectviewing"
  },
  "dummy_trs": 0,
  "dvars_nstd": 14.804061253499997,
  "dvars_std": 1.1604809072500004,
  "dvars_vstd": 1.001778519583333,
  "efc": 0.4938,
  "fber": 898.5358,
  "fd_mean": 0.09861364486341721,
  "fd_num": 4,
  "fd_perc": 3.3057851239669422,
  "fwhm_avg": 2.525126031746032,
  "fwhm_x": 2.6699114285714285,
  "fwhm_y": 2.6474800000000003,
  "fwhm_z": 2.2579866666666666,
  "gcor": 0.0286031,
  "gsr_x": 0.013952497392892838,
  "gsr_y": 0.002355544362217188,
  "provenance": {
    "md5sum": "800c8e0c2fd4156df73d5d6be9b9574f",
    "settings": {
      "fd_thres": 0.2,
      "testing": false
    },
    "software": "mriqc",
    "version": "24.1.0.dev0+g3fe90466.d20240417"
  },
  "size_t": 121,
  "size_x": 40,
  "size_y": 64,
  "size_z": 64,
  "snr": 4.07458670624052,
  "spacing_tr": 2.5,
  "spacing_x": 3.5,
  "spacing_y": 3.75,
  "spacing_z": 3.75,
  "summary_bg_k": 10.139,
  "summary_bg_mad": 63.2128,
  "summary_bg_mean": 132.8788,
  "summary_bg_median": 57.0,
  "summary_bg_n": 139035.0,
  "summary_bg_p05": 1.0,
  "summary_bg_p95": 559.0,
  "summary_bg_stdv": 188.4713,
  "summary_fg_k": 1.6967,
  "summary_fg_mad": 304.6684,
  "summary_fg_mean": 1632.6446,
  "summary_fg_median": 1715.0,
  "summary_fg_n": 24805.0,
  "summary_fg_p05": 704.0,
  "summary_fg_p95": 2168.0,
  "summary_fg_stdv": 420.8931,
  "tsnr": 98.2335280040279
}