{
  "aor": 0.002654214876033058,
  "aqi": 0.0024273925619834715,
  "bids_meta": {
    "dataset": "<unset>",
    "modality": "bold",
    "run_id": 3,
    "subject_id": "1",
    "task_id": "objectviewing"
  },
  "dummy_trs": 0,
  "dvars_nstd": 11.792525537833335,
  "dvars_std": 1.1161599744166666,
  "dvars_vstd": 1.0085615561666665,
  "efc": 0.4923,
  "fber": 894.0211,
  "fd_mean": 0.12342391102882981,
  "fd_num": 11,
  "fd_perc": 9.090909090909092,
  "fwhm_avg": 2.683292825396825,
  "fwhm_x": 2.818497142857143,
  "fwhm_y": 2.865866666666667,
  "fwhm_z": 2.365514666666667,
  "gcor": 0.0279099,
  "gsr_x": 0.01671624183654785,
  "gsr_y": 0.001173952710814774,
  "provenance": {
    "md5sum": "d437168bab4b1c5c1f8830fe645e1ed1",
    "settings": {
      "fd_thres": 0.2,
      "testing": false
    },
    "software": "mriqc",
    "version": "24.1.0.dev0+g3fe90466.d20240417"
  },
  "size_t": 121,
  "size_x": 40,
  "size_y": 64,
  "size_z": 64,
  "snr": 4.124338249132909,
  "spacing_tr": 2.5,
  "spacing_x": 3.5,
  "spacing_y": 3.75,
  "spacing_z": 3.75,
  "summary_bg_k": 8.3605,
  "summary_bg_mad": 64.6831,
  "summary_bg_mean": 130.5008,
  "summary_bg_median": 58.0,
  "summary_bg_n": 138941.0,
  "summary_bg_p05": 0.0,
  "summary_bg_p95": 551.0,
  "summary_bg_stdv": 182.9123,
  "summary_fg_k": 1.6957,
  "summary_fg_mad": 302.8919,
  "summary_fg_mean": 1637.0785,
  "summary_fg_median": 1723.0,
  "summary_fg_n": 24899.0,
  "summary_fg_p05": 723.0,
  "summary_fg_p95": 2162.0,
  "summary_fg_stdv": 417.7556,
  "tsnr": 116.18752936832607
}