{
  "aor": 0.002454628099173554,
  "aqi": 0.004168855123966942,
  "bids_meta": {
    "dataset": "<unset>",
    "modality": "bold",
    "run_id": 10,
    "subject_id": "1",
    "task_id": "objectviewing"
  },
  "dummy_trs": 0,
  "dvars_nstd": 16.505346107750004,
  "dvars_std": 1.1759492674166665,
  "dvars_vstd": 0.9824199689166663,
  "efc": 0.4988,
  "fber": 735.3869,
  "fd_mean": 0.16788254316852386,
  "fd_num": 38,
  "fd_perc": 31.40495867768595,
  "fwhm_avg": 2.635837587301587,
  "fwhm_x": 2.7596514285714284,
  "fwhm_y": 2.7946400000000002,
  "fwhm_z": 2.353221333333333,
  "gcor": 0.024566,
  "gsr_x": 0.016078421846032143,
  "gsr_y": 0.004595767240971327,
  "provenance": {
    "md5sum": "76c7447cc33a54a55e780d7edf59da5f",
    "settings": {
      "fd_thres": 0.2,
      "testing": false
    },
    "software": "mriqc",
    "version": "24.1.0.dev0+g3fe90466.d20240417"
  },
  "size_t": 121,
  "size_x": 40,
  "size_y": 64,
  "size_z": 64,
  "snr": 4.167227640843696,
  "spacing_tr": 2.5,
  "spacing_x": 3.5,
  "spacing_y": 3.75,
  "spacing_z": 3.75,
  "summary_bg_k": 8.1109,
  "summary_bg_mad": 70.8708,
  "summary_bg_mean": 135.2491,
  "summary_bg_median": 63.0,
  "summary_bg_n": 139093.0,
  "summary_bg_p05": 1.0,
  "summary_bg_p95": 552.0,
  "summary_bg_stdv": 183.4208,
  "summary_fg_k": 1.6137,
  "summary_fg_mad": 302.3528,
  "summary_fg_mean": 1630.1616,
  "summary_fg_median": 1709.0,
  "summary_fg_n": 24747.0,
  "summary_fg_p05": 743.0,
  "summary_fg_p95": 2155.0,
  "summary_fg_stdv": 410.0965,
  "tsnr": 84.36055578896776
}