{
  "aor": 0.0020687603305785127,
  "aqi": 0.00305592652892562,
  "bids_meta": {
    "dataset": "<unset>",
    "modality": "bold",
    "run_id": 1,
    "subject_id": "1",
    "task_id": "objectviewing"
  },
  "dummy_trs": 0,
  "dvars_nstd": 10.836969315666664,
  "dvars_std": 1.0866558172500003,
  "dvars_vstd": 0.9754322615000002,
  "efc": 0.4959,
  "fber": 817.9213,
  "fd_mean": 0.14402838840729248,
  "fd_num": 19,
  "fd_perc": 15.702479338842975,
  "fwhm_avg": 2.8089999999999997,
  "fwhm_x": 3.0046,
  "fwhm_y": 2.964853333333333,
  "fwhm_z": 2.4575466666666665,
  "gcor": 0.0343476,
  "gsr_x": 0.02309800311923027,
  "gsr_y": 0.002879765350371599,
  "provenance": {
    "md5sum": "7e1f97ca1367d33f06e12170feeabe4a",
    "settings": {
      "fd_thres": 0.2,
      "testing": false
    },
    "software": "mriqc",
    "version": "24.1.0.dev0+g3fe90466.d20240417"
  },
  "size_t": 121,
  "size_x": 40,
  "size_y": 64,
  "size_z": 64,
  "snr": 4.38683908424281,
  "spacing_tr": 2.5,
  "spacing_x": 3.5,
  "spacing_y": 3.75,
  "spacing_z": 3.75,
  "summary_bg_k": 8.6282,
  "summary_bg_mad": 67.0847,
  "summary_bg_mean": 136.6584,
  "summary_bg_median": 61.0,
  "summary_bg_n": 139489.0,
  "summary_bg_p05": 0.0,
  "summary_bg_p95": 571.0,
  "summary_bg_stdv": 190.5318,
  "summary_fg_k": 1.9696,
  "summary_fg_mad": 290.8228,
  "summary_fg_mean": 1667.2966,
  "summary_fg_median": 1746.0,
  "summary_fg_n": 24351.0,
  "summary_fg_p05": 805.0,
  "summary_fg_p95": 2172.0,
  "summary_fg_stdv": 398.0005,
  "tsnr": 106.4147304110229
}