{
  "aor": 0.0028438842975206614,
  "aqi": 0.003966401239669422,
  "bids_meta": {
    "dataset": "<unset>",
    "modality": "bold",
    "run_id": 9,
    "subject_id": "1",
    "task_id": "objectviewing"
  },
  "dummy_trs": 0,
  "dvars_nstd": 14.66377165341666,
  "dvars_std": 1.1414715126666664,
  "dvars_vstd": 0.9872610179166671,
  "efc": 0.4972,
  "fber": 763.2444,
  "fd_mean": 0.14979823521019633,
  "fd_num": 28,
  "fd_perc": 23.140495867768596,
  "fwhm_avg": 2.65018526984127,
  "fwhm_x": 2.783417142857143,
  "fwhm_y": 2.7946933333333335,
  "fwhm_z": 2.3724453333333333,
  "gcor": 0.0247064,
  "gsr_x": 0.014582004398107529,
  "gsr_y": 0.004558948799967766,
  "provenance": {
    "md5sum": "62ee2163a9b6e9db66dc533a19f28f9d",
    "settings": {
      "fd_thres": 0.2,
      "testing": false
    },
    "software": "mriqc",
    "version": "24.1.0.dev0+g3fe90466.d20240417"
  },
  "size_t": 121,
  "size_x": 40,
  "size_y": 64,
  "size_z": 64,
  "snr": 4.164237236099909,
  "spacing_tr": 2.5,
  "spacing_x": 3.5,
  "spacing_y": 3.75,
  "spacing_z": 3.75,
  "summary_bg_k": 8.2724,
  "summary_bg_mad": 69.7191,
  "summary_bg_mean": 134.8633,
  "summary_bg_median": 62.0,
  "summary_bg_n": 139220.0,
  "summary_bg_p05": 1.0,
  "summary_bg_p95": 556.0,
  "summary_bg_stdv": 184.6494,
  "summary_fg_k": 1.7179,
  "summary_fg_mad": 300.9436,
  "summary_fg_mean": 1633.1078,
  "summary_fg_median": 1716.0,
  "summary_fg_n": 24620.0,
  "summary_fg_p05": 735.0,
  "summary_fg_p95": 2155.0,
  "summary_fg_stdv": 412.0719,
  "tsnr": 88.20364173187409
}