{
  "aor": 0.0014950877192982455,
  "aqi": 0.002975638157894737,
  "bids_meta": {
    "dataset": "<unset>",
    "modality": "bold",
    "run_id": 6,
    "subject_id": "1",
    "task_id": "objectviewing"
  },
  "dummy_trs": 7,
  "dvars_nstd": 13.764207502743364,
  "dvars_std": 1.1616072294690267,
  "dvars_vstd": 1.011587356283186,
  "efc": 0.4912,
  "fber": 950.0699,
  "fd_mean": 0.11292710447317111,
  "fd_num": 5,
  "fd_perc": 4.385964912280702,
  "fwhm_avg": 2.524789841269841,
  "fwhm_x": 2.726742857142857,
  "fwhm_y": 2.619832,
  "fwhm_z": 2.2277946666666666,
  "gcor": 0.0254584,
  "gsr_x": 0.01662266068160534,
  "gsr_y": 0.001746602007187903,
  "provenance": {
    "md5sum": "3ebeb08f2754b1602530321d6e02125e",
    "settings": {
      "fd_thres": 0.2,
      "testing": false
    },
    "software": "mriqc",
    "version": "24.1.0.dev0+g3fe90466.d20240417"
  },
  "size_t": 114,
  "size_x": 40,
  "size_y": 64,
  "size_z": 64,
  "snr": 4.064340432058842,
  "spacing_tr": 2.5,
  "spacing_x": 3.5,
  "spacing_y": 3.75,
  "spacing_z": 3.75,
  "summary_bg_k": 9.4042,
  "summary_bg_mad": 62.0612,
  "summary_bg_mean": 130.6716,
  "summary_bg_median": 56.0,
  "summary_bg_n": 139047.0,
  "summary_bg_p05": 0.0,
  "summary_bg_p95": 553.0,
  "summary_bg_stdv": 186.8091,
  "summary_fg_k": 1.7384,
  "summary_fg_mad": 305.9103,
  "summary_fg_mean": 1632.131,
  "summary_fg_median": 1713.0,
  "summary_fg_n": 24793.0,
  "summary_fg_p05": 710.0,
  "summary_fg_p95": 2169.0,
  "summary_fg_stdv": 421.4621,
  "tsnr": 106.91756123467349
}