{
  "aor": 0.0021045454545454544,
  "aqi": 0.004156807024793389,
  "bids_meta": {
    "dataset": "<unset>",
    "modality": "bold",
    "run_id": 2,
    "subject_id": "1",
    "task_id": "objectviewing"
  },
  "dummy_trs": 0,
  "dvars_nstd": 11.170489620500001,
  "dvars_std": 1.0457232413333333,
  "dvars_vstd": 0.9688565413333333,
  "efc": 0.4931,
  "fber": 864.8199,
  "fd_mean": 0.1193549588874204,
  "fd_num": 9,
  "fd_perc": 7.43801652892562,
  "fwhm_avg": 2.66079073015873,
  "fwhm_x": 2.837342857142857,
  "fwhm_y": 2.823253333333333,
  "fwhm_z": 2.321776,
  "gcor": 0.0186077,
  "gsr_x": 0.017085883766412735,
  "gsr_y": 0.002114340430125594,
  "provenance": {
    "md5sum": "642a2716a5cd81c3acd263cd50fc51fd",
    "settings": {
      "fd_thres": 0.2,
      "testing": false
    },
    "software": "mriqc",
    "version": "24.1.0.dev0+g3fe90466.d20240417"
  },
  "size_t": 121,
  "size_x": 40,
  "size_y": 64,
  "size_z": 64,
  "snr": 4.203233887173446,
  "spacing_tr": 2.5,
  "spacing_x": 3.5,
  "spacing_y": 3.75,
  "spacing_z": 3.75,
  "summary_bg_k": 9.5012,
  "summary_bg_mad": 65.5408,
  "summary_bg_mean": 132.9273,
  "summary_bg_median": 59.0,
  "summary_bg_n": 139216.0,
  "summary_bg_p05": 1.0,
  "summary_bg_p95": 557.0,
  "summary_bg_stdv": 187.1854,
  "summary_fg_k": 1.8364,
  "summary_fg_mad": 297.3108,
  "summary_fg_mean": 1650.7348,
  "summary_fg_median": 1731.0,
  "summary_fg_n": 24624.0,
  "summary_fg_p05": 751.0,
  "summary_fg_p95": 2173.0,
  "summary_fg_stdv": 411.8174,
  "tsnr": 93.19885413045995
}