{
  "aor": 0.0019092561983471076,
  "aqi": 0.002671675867768595,
  "bids_meta": {
    "dataset": "<unset>",
    "modality": "bold",
    "run_id": 5,
    "subject_id": "1",
    "task_id": "objectviewing"
  },
  "dummy_trs": 0,
  "dvars_nstd": 12.282784033333334,
  "dvars_std": 1.1337828056666666,
  "dvars_vstd": 1.002297707583333,
  "efc": 0.4932,
  "fber": 878.4363,
  "fd_mean": 0.12845978928535093,
  "fd_num": 12,
  "fd_perc": 9.917355371900827,
  "fwhm_avg": 2.678767746031746,
  "fwhm_x": 2.8702285714285716,
  "fwhm_y": 2.8001333333333336,
  "fwhm_z": 2.3659413333333332,
  "gcor": 0.0241288,
  "gsr_x": 0.01951468735933304,
  "gsr_y": 0.0011364375241100788,
  "provenance": {
    "md5sum": "988145e9909010b95d5d42aa6b58cc68",
    "settings": {
      "fd_thres": 0.2,
      "testing": false
    },
    "software": "mriqc",
    "version": "24.1.0.dev0+g3fe90466.d20240417"
  },
  "size_t": 121,
  "size_x": 40,
  "size_y": 64,
  "size_z": 64,
  "snr": 4.100491680944928,
  "spacing_tr": 2.5,
  "spacing_x": 3.5,
  "spacing_y": 3.75,
  "spacing_z": 3.75,
  "summary_bg_k": 8.733,
  "summary_bg_mad": 64.1256,
  "summary_bg_mean": 130.5775,
  "summary_bg_median": 58.0,
  "summary_bg_n": 138914.0,
  "summary_bg_p05": 0.0,
  "summary_bg_p95": 552.0,
  "summary_bg_stdv": 182.7107,
  "summary_fg_k": 1.7378,
  "summary_fg_mad": 301.1949,
  "summary_fg_mean": 1626.8965,
  "summary_fg_median": 1713.0,
  "summary_fg_n": 24926.0,
  "summary_fg_p05": 713.0,
  "summary_fg_p95": 2153.0,
  "summary_fg_stdv": 417.7464,
  "tsnr": 111.13858455559239
}