{
  "aor": 0.0024251239669421487,
  "aqi": 0.00304781,
  "bids_meta": {
    "dataset": "<unset>",
    "modality": "bold",
    "run_id": 12,
    "subject_id": "1",
    "task_id": "objectviewing"
  },
  "dummy_trs": 0,
  "dvars_nstd": 16.848799165083328,
  "dvars_std": 1.244805731083334,
  "dvars_vstd": 1.0071281404166668,
  "efc": 0.4997,
  "fber": 730.7427,
  "fd_mean": 0.17309940394081694,
  "fd_num": 34,
  "fd_perc": 28.09917355371901,
  "fwhm_avg": 2.691842349206349,
  "fwhm_x": 2.8115857142857146,
  "fwhm_y": 2.885253333333333,
  "fwhm_z": 2.378688,
  "gcor": 0.0436069,
  "gsr_x": 0.01693136990070343,
  "gsr_y": 0.004458349198102951,
  "provenance": {
    "md5sum": "f99779514f7253755318b562486b93aa",
    "settings": {
      "fd_thres": 0.2,
      "testing": false
    },
    "software": "mriqc",
    "version": "24.1.0.dev0+g3fe90466.d20240417"
  },
  "size_t": 121,
  "size_x": 40,
  "size_y": 64,
  "size_z": 64,
  "snr": 4.121646445408637,
  "spacing_tr": 2.5,
  "spacing_x": 3.5,
  "spacing_y": 3.75,
  "spacing_z": 3.75,
  "summary_bg_k": 7.7186,
  "summary_bg_mad": 70.9444,
  "summary_bg_mean": 135.186,
  "summary_bg_median": 63.0,
  "summary_bg_n": 138989.0,
  "summary_bg_p05": 0.0,
  "summary_bg_p95": 550.0,
  "summary_bg_stdv": 182.3932,
  "summary_fg_k": 1.6112,
  "summary_fg_mad": 304.1539,
  "summary_fg_mean": 1621.4304,
  "summary_fg_median": 1704.0,
  "summary_fg_n": 24851.0,
  "summary_fg_p05": 719.0,
  "summary_fg_p95": 2147.0,
  "summary_fg_stdv": 413.4187,
  "tsnr": 97.31141539523378
}