{
  "aor": 0.0020045454545454546,
  "aqi": 0.003932016280991735,
  "bids_meta": {
    "dataset": "<unset>",
    "modality": "bold",
    "run_id": 8,
    "subject_id": "1",
    "task_id": "objectviewing"
  },
  "dummy_trs": 0,
  "dvars_nstd": 15.545461583166672,
  "dvars_std": 1.1463685910833334,
  "dvars_vstd": 0.9907227172499996,
  "efc": 0.4957,
  "fber": 803.9379,
  "fd_mean": 0.1513188952906713,
  "fd_num": 27,
  "fd_perc": 22.31404958677686,
  "fwhm_avg": 2.569093968253968,
  "fwhm_x": 2.7209485714285715,
  "fwhm_y": 2.709146666666667,
  "fwhm_z": 2.2771866666666667,
  "gcor": 0.026597,
  "gsr_x": 0.013753319159150124,
  "gsr_y": 0.0030670762062072754,
  "provenance": {
    "md5sum": "c0e9c020d3b43644ec76fac690cd57cc",
    "settings": {
      "fd_thres": 0.2,
      "testing": false
    },
    "software": "mriqc",
    "version": "24.1.0.dev0+g3fe90466.d20240417"
  },
  "size_t": 121,
  "size_x": 40,
  "size_y": 64,
  "size_z": 64,
  "snr": 4.003861048355398,
  "spacing_tr": 2.5,
  "spacing_x": 3.5,
  "spacing_y": 3.75,
  "spacing_z": 3.75,
  "summary_bg_k": 8.593,
  "summary_bg_mad": 66.6436,
  "summary_bg_mean": 132.6833,
  "summary_bg_median": 60.0,
  "summary_bg_n": 138882.0,
  "summary_bg_p05": 0.0,
  "summary_bg_p95": 547.0,
  "summary_bg_stdv": 182.3487,
  "summary_fg_k": 1.5655,
  "summary_fg_mad": 310.9421,
  "summary_fg_mean": 1625.0154,
  "summary_fg_median": 1712.0,
  "summary_fg_n": 24958.0,
  "summary_fg_p05": 683.0,
  "summary_fg_p95": 2168.0,
  "summary_fg_stdv": 427.5787,
  "tsnr": 87.26548994029872
}