{
  "bids_meta": {
    "dataset": "<unset>",
    "modality": "T1w",
    "subject_id": "1"
  },
  "cjv": 1.2784155172413794,
  "cnr": 0.6702704863944968,
  "efc": 0.5887,
  "fber": 5536.1082,
  "fwhm_avg": 3.1525218527692487,
  "fwhm_x": 2.726941558307745,
  "fwhm_y": 3.6273066666666667,
  "fwhm_z": 3.1033173333333335,
  "icvs_csf": 0.2571992164061584,
  "icvs_gm": 0.36173159367679364,
  "icvs_wm": 0.38106918991704797,
  "inu_med": 0.5372827649116516,
  "inu_range": 0.148789955675602,
  "provenance": {
    "md5sum": "312883ada9d4f8dbae271661b01915d4",
    "settings": {
      "testing": false
    },
    "software": "mriqc",
    "version": "24.1.0.dev0+g3fe90466.d20240417",
    "warnings": {
      "large_rot_frame": true,
      "small_air_mask": false
    }
  },
  "qi_1": 0.0,
  "qi_2": 0.001359638389841631,
  "rpve_csf": 6.157890734095419,
  "rpve_gm": 5.979445388121969,
  "rpve_wm": 6.057075620207237,
  "size_x": 124,
  "size_y": 256,
  "size_z": 256,
  "snr_csf": 2.670370320171919,
  "snr_gm": 6.320521214013721,
  "snr_total": 6.9364360511327705,
  "snr_wm": 11.818416619212671,
  "snrd_csf": 5.800256215287575,
  "snrd_gm": 8.81720209259127,
  "snrd_total": 8.204332054665379,
  "snrd_wm": 9.995537856117291,
  "spacing_x": 1.2000000476837158,
  "spacing_y": 0.9375,
  "spacing_z": 0.9375,
  "summary_bg_k": 183.2026,
  "summary_bg_mad": 0.0,
  "summary_bg_mean": 19.953,
  "summary_bg_median": 0.0,
  "summary_bg_n": 2779007.0,
  "summary_bg_p05": 0.0,
  "summary_bg_p95": 62.0,
  "summary_bg_stdv": 64.4942,
  "summary_csf_k": 0.6963,
  "summary_csf_mad": 137.5532,
  "summary_csf_mean": 580.1358,
  "summary_csf_median": 571.0,
  "summary_csf_n": 333415.5746656861,
  "summary_csf_p05": 238.0,
  "summary_csf_p95": 932.0,
  "summary_csf_stdv": 213.8277,
  "summary_gm_k": 8.2961,
  "summary_gm_mad": 80.2429,
  "summary_gm_mean": 867.8531,
  "summary_gm_median": 868.0,
  "summary_gm_n": 468924.24038347416,
  "summary_gm_p05": 637.0,
  "summary_gm_p95": 1094.0,
  "summary_gm_stdv": 137.3303,
  "summary_wm_k": -0.3089,
  "summary_wm_mad": 68.0533,
  "summary_wm_mean": 983.6629,
  "summary_wm_median": 984.0,
  "summary_wm_n": 493992.18519756664,
  "summary_wm_p05": 845.0,
  "summary_wm_p95": 1120.0,
  "summary_wm_stdv": 83.2598,
  "tpm_overlap_csf": 0.24245807699218486,
  "tpm_overlap_gm": 0.5261720083174202,
  "tpm_overlap_wm": 0.5427878084411054,
  "wm2max": 0.6730460901849897
}